City_ID,City,Country,Date,Lat,Lng,Max Temp,Humidity,Cloudiness,Wind Speed
0,Broome,US,2021-11-06 03:18:22,42.2506,-75.833,35.01,72,8,3.0
1,Byron Bay,AU,2021-11-06 03:18:23,-28.65,153.6167,75.31,80,80,9.4
2,Sibolga,ID,2021-11-06 03:17:07,1.7427,98.7792,76.8,92,100,3.49
3,Nikolskoye,RU,2021-11-06 03:18:23,59.7035,30.7861,44.87,82,100,10.11
4,Ulaangom,MN,2021-11-06 03:18:24,49.9811,92.0667,14.72,63,80,1.61
5,Tynda,RU,2021-11-06 03:18:24,55.1667,124.7167,11.84,51,23,10.09
6,Yellowknife,CA,2021-11-06 03:18:25,62.456,-114.3525,29.41,100,90,9.22
7,Ushuaia,AR,2021-11-06 03:17:20,-54.8,-68.3,51.46,50,40,11.5
8,Cape Town,ZA,2021-11-06 03:14:02,-33.9258,18.4232,56.12,83,13,6.38
9,Gravdal,NO,2021-11-06 03:18:26,68.1214,13.5031,42.28,77,99,22.32
10,Sungaipenuh,ID,2021-11-06 03:18:26,-2.0833,101.3833,73.81,75,99,3.44
11,Saint-Paul,RE,2021-11-06 03:18:27,-21.0096,55.2707,79.0,81,0,1.45
12,Avarua,CK,2021-11-06 03:18:28,-21.2078,-159.775,77.05,69,91,9.22
13,Veisiejai,LT,2021-11-06 03:18:28,54.1,23.7,44.69,76,100,14.63
14,Fortuna,US,2021-11-06 03:18:29,40.5982,-124.1573,53.42,74,1,4.0
15,Atuona,PF,2021-11-06 03:18:30,-9.8,-139.0333,78.35,73,1,16.98
16,Arlit,NE,2021-11-06 03:18:30,18.7369,7.3853,78.06,16,4,5.93
17,Hobart,AU,2021-11-06 03:18:31,-42.8794,147.3294,78.03,49,75,4.0
18,Wanaka,NZ,2021-11-06 03:18:31,-44.7,169.15,69.82,38,88,3.85
19,Fairbanks,US,2021-11-06 03:18:32,64.8378,-147.7164,24.76,86,90,0.0
20,Mataura,NZ,2021-11-06 03:18:32,-46.1927,168.8643,67.48,33,100,2.62
21,Beringovskiy,RU,2021-11-06 03:18:33,63.05,179.3167,1.9,84,5,4.47
22,Sillod,IN,2021-11-06 03:18:33,20.3,75.65,73.02,54,92,5.26
23,Puerto Ayora,EC,2021-11-06 03:18:34,-0.7393,-90.3518,69.42,75,100,9.31
24,Cidreira,BR,2021-11-06 03:18:34,-30.1811,-50.2056,68.22,91,100,9.95
25,Lompoc,US,2021-11-06 03:18:35,34.6391,-120.4579,62.78,93,20,3.44
26,Vilhena,BR,2021-11-06 03:18:35,-12.7406,-60.1458,69.03,97,100,0.54
27,Acarau,BR,2021-11-06 03:18:36,-2.8856,-40.12,79.29,82,100,10.65
28,Lagoa,PT,2021-11-06 03:18:36,39.05,-27.9833,68.32,88,100,28.77
29,Kapaa,US,2021-11-06 03:18:37,22.0752,-159.319,80.58,78,75,1.01
30,Esperance,AU,2021-11-06 03:18:37,-33.8667,121.9,58.82,51,100,6.33
31,Nouakchott,MR,2021-11-06 03:16:25,18.0858,-15.9785,73.33,47,10,11.52
32,Talnakh,RU,2021-11-06 03:18:38,69.4865,88.3972,-7.24,100,96,6.49
33,Inhambane,MZ,2021-11-06 03:18:39,-23.865,35.3833,72.72,89,94,6.22
34,Airai,TL,2021-11-06 03:18:39,-8.9266,125.4092,80.1,43,63,2.75
35,Rio Gallegos,AR,2021-11-06 03:18:40,-51.6226,-69.2181,53.65,50,40,3.44
36,Mahebourg,MU,2021-11-06 03:18:40,-20.4081,57.7,78.26,78,40,6.91
37,Suntar,RU,2021-11-06 03:18:41,62.1444,117.6319,16.39,82,100,12.21
38,Rikitea,PF,2021-11-06 03:17:07,-23.1203,-134.9692,75.07,81,54,11.45
39,Arraial Do Cabo,BR,2021-11-06 03:18:42,-22.9661,-42.0278,69.48,80,5,6.6
40,Nanortalik,GL,2021-11-06 03:18:42,60.1432,-45.2371,29.41,78,63,4.81
41,Jamestown,US,2021-11-06 03:14:34,42.097,-79.2353,36.72,89,1,5.75
42,Asau,RO,2021-11-06 03:18:43,46.4333,26.4,51.28,94,80,2.59
43,Yulara,AU,2021-11-06 03:18:43,-25.2406,130.9889,93.04,27,66,8.05
44,Sept-Iles,CA,2021-11-06 03:18:44,50.2001,-66.3821,35.06,67,90,1.99
45,Bluff,NZ,2021-11-06 03:19:44,-46.6,168.3333,67.8,70,99,12.21
46,Qaanaaq,GL,2021-11-06 03:19:45,77.484,-69.3632,11.26,69,98,10.45
47,Cuamba,MZ,2021-11-06 03:19:45,-14.8031,36.5372,71.64,62,26,1.3
48,Hermanus,ZA,2021-11-06 03:19:46,-34.4187,19.2345,55.9,76,11,5.01
49,Manoel Urbano,BR,2021-11-06 03:19:46,-8.8389,-69.2597,72.01,85,100,1.95
50,Kavieng,PG,2021-11-06 03:19:47,-2.5744,150.7967,84.88,71,86,13.78
51,Westport,US,2021-11-06 03:15:25,41.1415,-73.3579,47.95,64,1,3.0
52,Bredasdorp,ZA,2021-11-06 03:19:48,-34.5322,20.0403,47.28,93,19,0.0
53,Severo-Kurilsk,RU,2021-11-06 03:19:48,50.6789,156.125,37.56,76,99,12.41
54,Tres Arroyos,AR,2021-11-06 03:19:49,-38.3739,-60.2798,43.5,82,100,5.46
55,Juazeiro,BR,2021-11-06 03:19:49,-9.4117,-40.4986,78.98,94,0,0.0
56,Vaini,TO,2021-11-06 03:19:47,-21.2,-175.2,82.56,89,40,9.22
57,Santiago Del Estero,AR,2021-11-06 03:19:50,-27.7951,-64.2615,54.0,60,100,13.96
58,Bambous Virieux,MU,2021-11-06 03:19:51,-20.3428,57.7575,78.22,78,40,6.91
59,Latung,PH,2021-11-06 03:19:51,5.5,120.8833,83.68,71,80,3.94
60,Esik,KZ,2021-11-06 03:19:52,43.3552,77.4525,9.82,56,0,4.27
61,Okhotsk,RU,2021-11-06 03:19:52,59.3833,143.3,33.57,99,100,18.01
62,Saint-Gabriel,CA,2021-11-06 03:19:53,46.3001,-73.3824,40.69,78,13,4.61
63,Grand Gaube,MU,2021-11-06 03:19:53,-20.0064,57.6608,78.39,74,1,5.01
64,Upernavik,GL,2021-11-06 03:19:54,72.7868,-56.1549,10.54,70,7,5.59
65,Tuktoyaktuk,CA,2021-11-06 03:19:55,69.4541,-133.0374,23.0,86,90,14.97
66,Avera,US,2021-11-06 03:19:55,33.194,-82.5271,48.07,46,100,10.65
67,Punta Arenas,CL,2021-11-06 03:16:15,-53.15,-70.9167,48.31,71,75,10.36
68,Odweyne,SO,2021-11-06 03:19:56,9.4092,45.064,66.27,25,6,7.83
69,Rio Do Sul,BR,2021-11-06 03:19:57,-27.2142,-49.6431,68.74,91,100,2.28
70,Georgetown,MY,2021-11-06 03:15:13,5.4112,100.3354,87.75,73,20,4.61
71,High Level,CA,2021-11-06 03:19:57,58.5169,-117.136,33.91,100,90,5.75
72,Ailigandi,PA,2021-11-06 03:19:58,9.2333,-78.0167,79.36,84,23,4.5
73,Salalah,OM,2021-11-06 03:19:58,17.0151,54.0924,75.31,69,88,1.25
74,Bethel,US,2021-11-06 03:19:59,41.3712,-73.414,44.01,78,1,0.0
75,Zhireken,RU,2021-11-06 03:20:00,52.8249,117.3076,13.93,38,9,10.09
76,Labuhan,ID,2021-11-06 03:20:00,-6.8844,112.2051,88.16,63,89,7.47
77,La Ronge,CA,2021-11-06 03:20:01,55.1001,-105.2842,35.85,87,90,3.44
78,Pacific Grove,US,2021-11-06 03:20:02,36.6177,-121.9166,58.68,87,1,4.0
79,Faanui,PF,2021-11-06 03:20:03,-16.4833,-151.75,79.03,75,75,6.62
80,Butaritari,KI,2021-11-06 03:20:04,3.0707,172.7902,82.38,71,61,12.59
81,Patitirion,GR,2021-11-06 03:18:10,39.15,23.8667,65.03,87,99,4.47
82,Manaure,CO,2021-11-06 03:16:07,11.7751,-72.4445,80.85,77,89,12.19
83,Longyearbyen,SJ,2021-11-06 03:20:05,78.2186,15.6401,17.44,62,20,10.36
84,Tiksi,RU,2021-11-06 03:20:06,71.6872,128.8694,4.75,81,100,19.62
85,Atambua,ID,2021-11-06 03:20:07,-9.1061,124.8925,88.54,53,76,4.54
86,Camacha,PT,2021-11-06 03:20:07,33.0833,-16.3333,63.82,55,75,10.36
87,Bengkulu,ID,2021-11-06 03:20:07,-3.8004,102.2655,77.5,84,100,7.56
88,New Norfolk,AU,2021-11-06 03:20:08,-42.7826,147.0587,77.67,33,100,5.84
89,Castro,BR,2021-11-06 03:20:08,-24.7911,-50.0119,62.29,91,94,1.95
90,Kangaatsiaq,GL,2021-11-06 03:21:09,68.3065,-53.4641,19.8,62,20,7.94
91,San Antonio,US,2021-11-06 03:21:09,29.4241,-98.4936,54.36,82,1,0.0
92,Samarai,PG,2021-11-06 03:21:10,-10.6167,150.6667,84.88,69,29,14.85
93,Lumut,MY,2021-11-06 03:21:10,4.2323,100.6298,87.82,74,20,3.44
94,Albany,US,2021-11-06 03:17:56,42.6001,-73.9662,35.53,85,0,3.87
95,Kodiak,US,2021-11-06 03:19:58,57.79,-152.4072,34.75,80,99,7.0
96,Estevan,CA,2021-11-06 03:21:11,49.1334,-102.9842,46.74,65,1,8.05
97,Lebu,CL,2021-11-06 03:21:12,-37.6167,-73.65,51.94,91,1,15.43
98,Jibuti,DJ,2021-11-06 03:18:54,11.5,42.5,72.82,70,16,9.01
99,Okha,RU,2021-11-06 03:21:13,53.5739,142.9478,41.52,82,87,21.63
100,Tuatapere,NZ,2021-11-06 03:21:13,-46.1333,167.6833,67.82,47,84,4.7
101,Two Rivers,US,2021-11-06 03:21:14,44.1539,-87.5693,46.02,59,1,4.0
102,Athabasca,CA,2021-11-06 03:21:14,54.7169,-113.2854,37.81,93,67,1.39
103,Namibe,AO,2021-11-06 03:21:15,-15.1961,12.1522,65.28,87,94,1.1
104,Roebourne,AU,2021-11-06 03:21:15,-20.7833,117.1333,92.64,30,19,7.07
105,Eregli,TR,2021-11-06 03:21:16,37.5133,34.0467,48.94,66,2,1.01
106,Ancud,CL,2021-11-06 03:21:16,-41.8697,-73.8203,49.53,83,3,2.77
107,Ayan,RU,2021-11-06 03:21:17,56.45,138.1667,22.62,89,100,18.59
108,Huicheng,CN,2021-11-06 03:21:17,23.0385,116.2899,82.35,66,2,4.43
109,Bansi,IN,2021-11-06 03:21:18,27.1833,82.9333,68.9,55,99,4.72
110,De Aar,ZA,2021-11-06 03:21:18,-30.6497,24.0123,54.91,72,13,9.26
111,Nome,US,2021-11-06 03:21:19,64.5011,-165.4064,26.67,86,90,14.97
112,Syamzha,RU,2021-11-06 03:21:20,60.0158,41.0614,45.68,78,91,12.39
113,Dwarka,IN,2021-11-06 03:16:27,22.2394,68.9678,80.11,54,97,12.68
114,Carnarvon,AU,2021-11-06 03:21:20,-24.8667,113.6333,73.47,53,0,24.16
115,Kaitangata,NZ,2021-11-06 03:21:21,-46.2817,169.8464,58.93,71,99,13.73
116,Tasiilaq,GL,2021-11-06 03:21:22,65.6145,-37.6368,15.15,82,99,7.16
117,Vikhorevka,RU,2021-11-06 03:21:22,56.1201,101.1636,20.79,81,100,11.77
118,Paredon,MX,2021-11-06 03:21:23,16.0333,-93.8667,76.35,69,45,17.09
119,Roanoke,US,2021-11-06 03:21:23,37.271,-79.9414,40.33,84,1,0.0
120,Hilo,US,2021-11-06 03:21:24,19.7297,-155.09,85.28,75,1,4.61
121,Primorsko-Akhtarsk,RU,2021-11-06 03:21:24,46.0497,38.1747,50.36,90,45,7.29
122,Malanje,AO,2021-11-06 03:21:25,-9.5402,16.341,63.18,95,80,0.27
123,Olafsvik,IS,2021-11-06 03:21:26,64.8945,-23.7142,36.54,88,100,21.21
124,Guabito,PA,2021-11-06 03:21:26,9.5,-82.6167,77.25,91,77,3.53
125,Cabo San Lucas,MX,2021-11-06 03:20:13,22.8909,-109.9124,77.61,73,49,7.92
126,Aklavik,CA,2021-11-06 03:21:27,68.2191,-135.0107,20.23,96,100,5.73
127,Mount Gambier,AU,2021-11-06 03:21:27,-37.8333,140.7667,59.77,98,100,8.1
128,Te Anau,NZ,2021-11-06 03:21:28,-45.4167,167.7167,69.37,50,82,3.02
129,Paamiut,GL,2021-11-06 03:21:29,61.994,-49.6678,27.61,90,95,15.68
130,Hithadhoo,MV,2021-11-06 03:21:15,-0.6,73.0833,79.21,82,100,15.52
131,Sakakah,SA,2021-11-06 03:21:30,29.9697,40.2064,58.57,45,0,5.5
132,Bon Accord,CA,2021-11-06 03:21:30,53.8335,-113.4187,42.78,100,90,4.61
133,Alvaraes,BR,2021-11-06 03:21:31,-3.2208,-64.8042,75.09,90,49,1.86
134,Grindavik,IS,2021-11-06 03:21:31,63.8424,-22.4338,39.15,87,90,17.27
135,Stornoway,GB,2021-11-06 03:22:32,58.2093,-6.3865,49.96,93,75,13.8
136,Ketchikan,US,2021-11-06 03:22:32,55.3422,-131.6461,44.49,74,81,22.24
137,Shirokiy,RU,2021-11-06 03:22:33,49.758,129.523,21.97,54,100,16.28
138,Saint-Philippe,RE,2021-11-06 03:22:33,-21.3585,55.7679,79.48,73,0,6.06
139,Ikeda,JP,2021-11-06 03:22:34,34.8221,135.4298,66.0,57,75,3.44
140,Victoria,HK,2021-11-06 03:20:51,22.2855,114.1577,83.25,81,1,5.99
141,Leh,IN,2021-11-06 03:22:35,34.1667,77.5833,23.92,83,86,2.57
142,Busselton,AU,2021-11-06 03:22:35,-33.65,115.3333,60.69,46,48,3.44
143,Kralendijk,BQ,2021-11-06 03:22:35,12.15,-68.2667,82.38,78,40,14.97
144,Nokaneng,BW,2021-11-06 03:22:36,-19.6667,22.2667,74.21,58,100,2.57
145,Puerto Plata,DO,2021-11-06 03:22:37,19.7934,-70.6884,78.15,94,20,0.0
146,Marihatag,PH,2021-11-06 03:22:37,8.7936,126.2969,86.67,66,100,7.11
147,Pevek,RU,2021-11-06 03:22:38,69.7008,170.3133,-10.17,93,5,6.73
148,Geraldton,AU,2021-11-06 03:22:21,-28.7667,114.6,72.01,46,0,16.11
149,East London,ZA,2021-11-06 03:22:38,-33.0153,27.9116,65.34,82,40,4.61
150,Barzas,RU,2021-11-06 03:22:39,55.7167,86.3167,23.23,93,100,14.23
151,Meulaboh,ID,2021-11-06 03:22:39,4.1363,96.1285,80.73,80,100,5.73
152,Gdynia,PL,2021-11-06 03:22:40,54.5189,18.5319,49.05,85,75,18.41
153,Torbay,CA,2021-11-06 03:22:41,47.6666,-52.7314,33.58,96,90,9.22
154,Almaty,KZ,2021-11-06 03:22:41,43.25,76.95,12.11,79,3,4.47
155,Burdur,TR,2021-11-06 03:21:37,37.7203,30.2908,39.9,87,0,1.14
156,Chuy,UY,2021-11-06 03:22:42,-33.6971,-53.4616,60.75,72,100,14.67
157,San Jose,US,2021-11-06 03:21:56,37.3394,-121.895,58.75,78,75,8.05
158,Sorland,NO,2021-11-06 03:22:12,67.667,12.6934,42.04,79,91,35.1
159,Laguna,US,2021-11-06 03:22:19,38.421,-121.4238,60.96,76,1,1.99
160,Cayenne,GF,2021-11-06 03:22:43,4.9333,-52.3333,77.09,92,75,1.14
161,Shitanjing,CN,2021-11-06 03:22:44,39.2342,106.3439,19.35,85,100,17.63
162,Ahipara,NZ,2021-11-06 03:22:45,-35.1667,173.1667,64.58,84,57,5.66
163,Kutum,SD,2021-11-06 03:22:45,14.2,24.6667,69.06,33,69,7.25
164,Santa Cruz De La Palma,ES,2021-11-06 03:22:46,28.6835,-17.7642,69.94,64,90,14.97
165,Isangel,VU,2021-11-06 03:22:46,-19.55,169.2667,80.71,74,75,6.91
166,Mar Del Plata,AR,2021-11-06 03:22:47,-38.0023,-57.5575,54.88,76,0,8.99
167,Oriximina,BR,2021-11-06 03:22:48,-1.7656,-55.8661,76.39,85,46,4.43
168,Port Alfred,ZA,2021-11-06 03:22:48,-33.5906,26.891,63.09,83,100,6.17
169,Katsuura,JP,2021-11-06 03:22:49,35.1333,140.3,66.24,55,24,11.59
170,Sindal,DK,2021-11-06 03:22:49,57.4712,10.2031,50.77,85,100,22.66
171,Barrow,US,2021-11-06 03:22:49,71.2906,-156.7887,26.62,80,90,31.07
172,Kamariotissa,GR,2021-11-06 03:22:50,40.4833,25.4667,62.65,89,79,1.19
173,Itarema,BR,2021-11-06 03:22:50,-2.9248,-39.9167,79.81,80,100,11.03
174,Padang,ID,2021-11-06 03:22:51,-0.9492,100.3543,80.65,82,100,4.16
175,Mayumba,GA,2021-11-06 03:22:51,-3.432,10.6554,76.78,89,100,4.68
176,Bilibino,RU,2021-11-06 03:22:52,68.0546,166.4372,-11.81,98,71,4.18
177,Cherskiy,RU,2021-11-06 03:22:53,68.75,161.3,1.02,89,81,9.44
178,Leningradskiy,RU,2021-11-06 03:23:53,69.3833,178.4167,-12.06,95,21,5.39
179,Goderich,CA,2021-11-06 03:19:44,43.7501,-81.7165,41.92,81,88,6.91
180,Galle,LK,2021-11-06 03:23:54,6.0367,80.217,82.65,76,39,11.88
181,Loandjili,CG,2021-11-06 03:23:55,-4.7561,11.8578,77.25,88,100,5.28
182,Lakselv,NO,2021-11-06 03:23:55,70.0513,24.9718,33.62,93,90,12.66
183,Lengshuitan,CN,2021-11-06 03:23:56,26.4111,111.5956,67.41,93,100,5.64
184,Vladyslavivka,UA,2021-11-06 03:23:57,45.1667,35.3667,57.11,85,49,5.14
185,Vestmannaeyjar,IS,2021-11-06 03:23:58,63.4427,-20.2734,40.41,82,100,27.2
186,Rawson,AR,2021-11-06 03:23:59,-43.3002,-65.1023,54.1,62,0,16.67
187,Hasaki,JP,2021-11-06 03:24:00,35.7333,140.8333,68.29,58,10,12.75
188,Nizhniy Baskunchak,RU,2021-11-06 03:24:01,48.2198,46.8311,36.39,53,27,13.04
189,Chegdomyn,RU,2021-11-06 03:24:03,51.1167,133.0167,21.02,90,100,8.37
190,Mashhad,IR,2021-11-06 03:23:18,36.297,59.6062,26.74,86,65,6.91
191,Mount Isa,AU,2021-11-06 03:20:33,-20.7333,139.5,98.37,23,75,13.8
192,Dakar,SN,2021-11-06 03:23:02,14.6937,-17.4441,78.93,89,82,6.91
193,Owo,NG,2021-11-06 03:24:05,7.1962,5.5868,70.83,98,59,2.13
194,Palmer,US,2021-11-06 03:24:05,42.1584,-72.3287,37.89,78,1,0.0
195,Champerico,GT,2021-11-06 03:24:06,14.3,-91.9167,80.76,77,99,2.01
196,Baker City,US,2021-11-06 03:20:50,44.7749,-117.8344,49.93,59,90,3.44
197,Krasnoselkup,RU,2021-11-06 03:24:06,65.7,82.4667,1.89,100,96,6.51
198,Gat,IL,2021-11-06 03:24:07,31.61,34.7642,71.4,60,0,4.21
199,Alice Springs,AU,2021-11-06 03:24:00,-23.7,133.8833,94.55,26,75,5.75
200,Coihaique,CL,2021-11-06 03:24:08,-45.5752,-72.0662,40.95,93,0,2.3
201,Fort Wellington,GY,2021-11-06 03:24:08,6.4,-57.6,77.11,90,73,8.21
202,Nalchiti,BD,2021-11-06 03:24:09,22.6333,90.2833,76.12,62,78,7.27
203,Cedar City,US,2021-11-06 03:21:57,37.6775,-113.0619,56.39,32,1,5.75
204,Khatanga,RU,2021-11-06 03:22:17,71.9667,102.5,5.63,93,100,19.48
205,Qixingtai,CN,2021-11-06 03:24:10,30.4135,111.8874,68.02,68,95,10.42
206,Lata,PT,2021-11-06 03:24:10,40.1629,-8.3327,49.82,78,0,4.83
207,Mirnyy,RU,2021-11-06 03:24:11,62.5353,113.9611,14.05,86,100,13.42
208,Bulembu,SZ,2021-11-06 03:24:11,-25.9667,31.1333,63.55,98,46,3.31
209,Thompson,CA,2021-11-06 03:19:44,55.7435,-97.8558,30.36,100,75,4.61
210,Bentiu,SS,2021-11-06 03:24:12,9.2333,29.8333,71.53,79,28,1.88
211,Barrington,US,2021-11-06 03:20:59,41.7407,-71.3087,42.01,76,1,0.0
212,Iqaluit,CA,2021-11-06 03:24:13,63.7506,-68.5145,11.93,78,20,2.3
213,Hualmay,PE,2021-11-06 03:24:13,-11.0964,-77.6139,64.35,86,83,8.79
214,Bac Giang,VN,2021-11-06 03:24:14,21.2667,106.2,80.67,69,65,11.21
215,Dire Dawa,ET,2021-11-06 03:24:14,9.5931,41.8661,66.0,39,7,4.14
216,Souillac,MU,2021-11-06 03:21:02,-20.5167,57.5167,78.37,78,40,6.91
217,Luau,AO,2021-11-06 03:24:15,-10.7073,22.2247,63.66,78,9,2.37
218,Touros,BR,2021-11-06 03:22:30,-5.1989,-35.4608,79.7,86,69,8.63
219,Dunedin,NZ,2021-11-06 03:24:10,-45.8742,170.5036,55.8,72,80,11.99
220,Sao Joao Da Barra,BR,2021-11-06 03:24:16,-21.6403,-41.0511,67.8,89,5,6.82
221,Payo,ID,2021-11-06 03:24:17,-3.7508,103.6372,80.02,82,97,2.66
222,Haicheng,CN,2021-11-06 03:24:18,40.8516,122.7475,49.23,61,51,16.26
223,Kirakira,SB,2021-11-06 03:24:19,-10.4544,161.9205,85.55,66,22,5.95
224,Port Elizabeth,ZA,2021-11-06 03:23:36,-33.918,25.5701,61.03,80,100,7.56
225,Tarragona,ES,2021-11-06 03:20:27,41.129,1.249,52.14,49,33,11.18
226,Mehamn,NO,2021-11-06 03:24:20,71.0357,27.8492,35.53,97,100,22.82
227,Garden City,US,2021-11-06 03:25:20,42.3256,-83.331,41.25,83,40,4.61
228,Mao,ES,2021-11-06 03:25:21,39.8885,4.2658,57.76,77,75,32.21
229,Heihe,CN,2021-11-06 03:25:21,50.2441,127.4902,19.98,32,33,15.64
230,Ust-Maya,RU,2021-11-06 03:25:22,60.4167,134.5333,6.1,83,83,5.55
231,Effium,NG,2021-11-06 03:25:22,6.6292,8.0593,74.35,96,75,5.03
232,Quatre Cocos,MU,2021-11-06 03:25:23,-20.2078,57.7625,78.1,76,5,11.92
233,Montorio Al Vomano,IT,2021-11-06 03:25:23,42.5831,13.6383,54.1,93,98,2.55
234,Houston,US,2021-11-06 03:20:54,29.7633,-95.3633,57.24,68,20,5.75
235,Saldanha,ZA,2021-11-06 03:25:25,-33.0117,17.9442,51.85,68,64,12.95
236,Hamilton,US,2021-11-06 03:25:27,39.1834,-84.5333,41.77,78,1,0.0
237,Ilulissat,GL,2021-11-06 03:25:27,69.2167,-51.1,2.25,72,41,7.65
238,Murovane,UA,2021-11-06 03:25:28,49.5214,22.9367,37.71,86,7,5.14
239,Elko,US,2021-11-06 03:25:28,41.0002,-115.5012,48.63,48,100,8.01
240,Jumla,NP,2021-11-06 03:25:30,29.2747,82.1838,53.82,24,48,1.74
241,Saint George,US,2021-11-06 03:21:02,37.1041,-113.5841,68.34,42,1,0.0
242,Tateyama,JP,2021-11-06 03:25:31,34.9833,139.8667,67.14,54,19,9.75
243,Henties Bay,NA,2021-11-06 03:25:31,-22.116,14.2845,57.49,93,33,1.23
244,Narsaq,GL,2021-11-06 03:25:32,60.9167,-46.05,25.02,90,48,7.9
245,Fukue,JP,2021-11-06 03:25:32,32.6881,128.8419,57.56,82,75,6.91
246,Vao,NC,2021-11-06 03:25:33,-22.6667,167.4833,69.01,61,100,10.07
247,Verkhnyaya Toyma,RU,2021-11-06 03:25:33,62.2349,44.9985,46.8,88,99,11.79
248,Dikson,RU,2021-11-06 03:25:35,73.5069,80.5464,19.6,90,100,14.05
249,Rio Negrinho,BR,2021-11-06 03:25:35,-26.2544,-49.5183,64.94,96,100,2.24
250,Saskylakh,RU,2021-11-06 03:25:36,71.9167,114.0833,-3.03,91,90,17.65
251,Port Lincoln,AU,2021-11-06 03:25:36,-34.7333,135.8667,63.21,80,97,16.93
252,Marshall,US,2021-11-06 03:23:35,34.3834,-86.3333,51.49,92,1,4.61
253,Sidrolandia,BR,2021-11-06 03:25:37,-20.9319,-54.9614,74.19,91,61,3.51
254,San Patricio,US,2021-11-06 03:25:38,28.017,-97.5169,62.82,62,0,5.97
255,Sumbe,AO,2021-11-06 03:25:38,-11.2061,13.8437,75.06,90,83,5.79
256,Bambanglipuro,ID,2021-11-06 03:25:39,-7.95,110.2833,88.5,57,16,2.82
257,Joshimath,IN,2021-11-06 03:25:39,30.5667,79.5667,57.96,21,27,1.19
258,Lisakovsk,KZ,2021-11-06 03:25:40,52.5369,62.4936,28.69,40,90,13.13
259,Saint-Georges,GD,2021-11-06 03:25:40,12.0564,-61.7485,80.44,82,16,14.27
260,Provideniya,RU,2021-11-06 03:25:41,64.3833,-173.3,8.8,82,4,8.81
261,Grande Prairie,CA,2021-11-06 03:24:07,55.1667,-118.8027,33.98,100,90,8.05
262,Axim,GH,2021-11-06 03:25:42,4.8699,-2.2405,75.72,90,100,2.91
263,Gigmoto,PH,2021-11-06 03:25:42,13.7796,124.39,85.84,70,47,6.89
264,Ishigaki,JP,2021-11-06 03:25:43,24.3448,124.1572,82.53,83,75,8.05
265,San Giovanni Rotondo,IT,2021-11-06 03:25:43,41.7049,15.7191,51.03,100,75,11.5
266,Xining,CN,2021-11-06 03:25:44,36.6167,101.7667,22.46,82,100,6.78
267,Xinye,CN,2021-11-06 03:25:44,32.5186,112.3522,63.99,78,100,10.69
268,Port Augusta,AU,2021-11-06 03:25:45,-32.5,137.7667,71.74,31,18,18.5
269,Nara,JP,2021-11-06 03:21:20,34.6851,135.8049,65.57,42,99,1.57
270,Hermiston,US,2021-11-06 03:22:41,45.8404,-119.2895,50.65,76,90,9.22
271,Quelimane,MZ,2021-11-06 03:25:47,-17.8786,36.8883,73.35,94,75,0.0
272,Nicosia,CY,2021-11-06 03:25:48,35.1667,33.3667,62.69,55,0,10.36
273,Half Moon Bay,US,2021-11-06 03:26:49,37.4636,-122.4286,58.91,88,40,5.75
274,Caarapo,BR,2021-11-06 03:26:49,-22.6342,-54.8222,70.12,93,82,7.14
275,Portland,US,2021-11-06 03:26:26,45.5234,-122.6762,48.7,87,1,1.01
276,Norman Wells,CA,2021-11-06 03:26:50,65.282,-126.8329,17.64,93,90,0.0
277,Luderitz,NA,2021-11-06 03:26:50,-26.6481,15.1594,57.34,75,17,15.03
278,Coronado,US,2021-11-06 03:26:51,32.6859,-117.1831,69.71,90,90,6.91
279,Grand-Santi,GF,2021-11-06 03:26:51,4.25,-54.3833,72.86,100,72,1.83
280,Trinidad,BO,2021-11-06 03:26:53,-14.8333,-64.9,77.11,82,68,4.12
281,Nerang,AU,2021-11-06 03:26:54,-27.9833,153.3333,78.12,68,58,5.99
282,Genhe,CN,2021-11-06 03:26:55,50.7833,121.5167,15.6,27,0,10.42
283,Deputatskiy,RU,2021-11-06 03:26:55,69.3,139.9,3.78,94,98,2.04
284,Savelugu,GH,2021-11-06 03:26:57,9.6244,-0.8253,79.03,70,68,4.92
285,Chemodanovka,RU,2021-11-06 03:26:57,53.2316,45.2474,45.43,45,100,14.27
286,Chokurdakh,RU,2021-11-06 03:26:59,70.6333,147.9167,0.97,89,99,5.19
287,Ewa Beach,US,2021-11-06 03:24:49,21.3156,-158.0072,82.35,62,20,13.0
288,Katherine,AU,2021-11-06 03:27:00,-14.4667,132.2667,98.92,36,59,4.61
289,Chapleau,CA,2021-11-06 03:27:00,47.8405,-83.4034,38.64,81,100,11.86
290,Edgewater,US,2021-11-06 03:27:01,28.9889,-80.9023,70.02,90,81,10.07
291,Surt,LY,2021-11-06 03:27:02,31.2089,16.5887,75.27,38,100,13.65
292,Filingue,NE,2021-11-06 03:27:02,14.3521,3.3168,83.28,18,39,7.63
293,Alofi,NU,2021-11-06 03:27:04,-19.0595,-169.9187,78.69,73,36,10.36
294,Constitucion,CL,2021-11-06 03:27:05,-35.3333,-72.4167,50.83,89,1,2.73
295,Ondjiva,AO,2021-11-06 03:27:05,-17.0667,15.7333,70.16,54,90,3.94
296,Linxia,CN,2021-11-06 03:27:06,35.6003,103.2064,22.42,81,100,6.44
297,Cauquenes,CL,2021-11-06 03:22:31,-35.9671,-72.3225,50.94,66,21,4.12
298,Sola,VU,2021-11-06 03:27:08,-13.8833,167.55,81.27,83,90,0.0
299,Egvekinot,RU,2021-11-06 03:27:09,66.3167,-179.1667,-8.34,84,0,6.06
300,Kamaishi,JP,2021-11-06 03:27:10,39.2667,141.8833,56.35,71,30,4.47
301,Jinxiang,CN,2021-11-06 03:27:11,27.4327,120.6062,72.3,88,87,3.65
302,Arman,RU,2021-11-06 03:27:11,59.7,150.1667,30.02,94,100,3.11
303,Khovu-Aksy,RU,2021-11-06 03:27:12,51.1333,93.6,9.68,73,98,2.75
304,Najran,SA,2021-11-06 03:27:13,17.4924,44.1277,56.05,31,100,1.41
305,Tazovskiy,RU,2021-11-06 03:27:14,67.4667,78.7,8.01,99,100,6.78
306,Rokytne,UA,2021-11-06 03:27:14,51.2796,27.214,41.36,79,77,9.4
307,Kalakamati,BW,2021-11-06 03:27:15,-20.5929,27.3121,71.17,47,69,0.63
308,Bowen,AU,2021-11-06 03:27:15,-20.0167,148.2333,86.22,61,20,13.0
309,Chiang Khong,TH,2021-11-06 03:27:16,20.2613,100.4046,77.32,66,58,1.92
310,Agulu,NG,2021-11-06 03:27:16,6.11,7.0724,73.13,98,83,3.24
311,Kahului,US,2021-11-06 03:27:16,20.8947,-156.47,83.46,71,1,19.57
312,Ovsyanka,RU,2021-11-06 03:27:17,55.9575,92.5519,27.57,84,100,17.83
313,Sao Filipe,CV,2021-11-06 03:27:18,14.8961,-24.4956,78.91,73,45,5.99
314,Mackay,AU,2021-11-06 03:28:19,-21.15,149.2,86.68,54,40,14.97
315,Edson,CA,2021-11-06 03:28:19,53.5835,-116.4356,32.14,93,1,5.75
316,Dafeng,CN,2021-11-06 03:28:20,23.4517,108.5881,81.68,70,43,6.62
317,Aguimes,ES,2021-11-06 03:28:20,27.9054,-15.4461,66.0,61,75,18.41
318,Petropavlovsk-Kamchatskiy,RU,2021-11-06 03:23:50,53.0452,158.6483,37.99,48,20,4.47
319,Arnprior,CA,2021-11-06 03:28:21,45.4334,-76.3494,38.64,85,86,5.59
320,Tabuk,PH,2021-11-06 03:28:21,17.4189,121.4443,86.32,66,8,5.91
321,Ventspils,LV,2021-11-06 03:28:22,57.3894,21.5606,48.13,87,75,14.97
322,College,US,2021-11-06 03:28:22,64.8569,-147.8028,26.26,86,90,0.0
323,Vila Velha,BR,2021-11-06 03:28:23,-20.3297,-40.2925,73.35,84,75,4.0
324,Turtas,RU,2021-11-06 03:28:23,58.9417,69.1325,32.67,93,100,9.15
325,Dingle,PH,2021-11-06 03:28:24,10.9995,122.6711,86.7,71,80,8.05
326,Khasan,RU,2021-11-06 03:28:24,42.4308,130.6434,58.53,66,7,4.41
327,Sabla,NG,2021-11-06 03:28:25,12.7525,4.7077,78.58,22,100,8.52
328,Marawi,PH,2021-11-06 03:28:25,7.9986,124.2928,76.64,62,78,4.74
329,Bandarbeyla,SO,2021-11-06 03:28:26,9.4942,50.8122,75.92,77,0,5.41
330,Merauke,ID,2021-11-06 03:28:26,-8.4667,140.3333,87.57,64,15,12.62
331,Kamennogorsk,RU,2021-11-06 03:28:27,60.9545,29.1339,40.51,89,100,8.41
332,Taraz,KZ,2021-11-06 03:28:28,42.9,71.3667,18.01,73,4,6.71
333,Calamar,CO,2021-11-06 03:28:28,10.2511,-74.9146,84.15,92,42,4.21
334,Balakhninskiy,RU,2021-11-06 03:28:29,58.0106,114.2769,16.11,84,100,17.02
335,Haines Junction,CA,2021-11-06 03:28:29,60.7522,-137.5108,22.95,93,100,1.14
336,Babushkin,RU,2021-11-06 03:28:30,51.7122,105.8647,24.96,41,3,5.91
337,Poya,NC,2021-11-06 03:28:30,-21.35,165.15,77.18,56,20,9.98
338,Hambantota,LK,2021-11-06 03:28:31,6.1241,81.1185,84.54,84,20,5.75
339,Pisco,PE,2021-11-06 03:24:57,-13.7,-76.2167,62.02,88,9,2.44
340,Varia,FR,2021-11-06 03:28:32,44.5725,-0.1104,40.42,88,3,5.82
341,Vanimo,PG,2021-11-06 03:27:12,-2.6741,141.3028,83.17,77,100,7.96
342,Kholodnyy,RU,2021-11-06 03:28:33,62.7167,147.95,13.1,93,100,3.29
343,Kalabo,ZM,2021-11-06 03:28:34,-14.97,22.6814,70.92,65,16,3.42
344,Semey,KZ,2021-11-06 03:28:34,50.4111,80.2275,17.82,67,0,15.66
345,Roma,US,2021-11-06 03:28:35,43.2128,-75.4557,36.43,90,90,3.44
346,Ribeira Grande,PT,2021-11-06 03:28:36,38.5167,-28.7,69.49,92,100,24.52
347,Makakilo City,US,2021-11-06 03:28:36,21.3469,-158.0858,80.92,63,20,10.36
348,Svetlyy,RU,2021-11-06 03:28:37,54.675,20.1347,47.97,81,100,22.17
349,Poum,NC,2021-11-06 03:28:37,-20.2333,164.0167,72.97,72,12,10.96
350,Fereydun Kenar,IR,2021-11-06 03:28:38,36.6864,52.5225,57.4,68,100,10.16
351,Aksu,CN,2021-11-06 03:28:38,41.1231,80.2644,30.22,39,52,4.68
352,Clyde River,CA,2021-11-06 03:28:39,70.4692,-68.5914,13.46,94,96,6.17
353,Carora,VE,2021-11-06 03:28:39,10.1755,-70.0827,73.54,79,68,4.94
354,Sitka,US,2021-11-06 03:28:40,57.0531,-135.33,46.29,66,40,9.22
355,Saint-Francois,FR,2021-11-06 03:28:40,46.4154,3.9054,41.68,93,75,2.3
356,Belaya Gora,RU,2021-11-06 03:28:41,68.5333,146.4167,6.13,79,100,2.42
357,Maceio,BR,2021-11-06 03:26:10,-9.6658,-35.7353,80.04,94,0,5.75
358,Lavrentiya,RU,2021-11-06 03:28:42,65.5833,-171.0,5.63,82,96,11.61
359,At-Bashi,KG,2021-11-06 03:28:42,41.1702,75.8106,18.05,65,1,6.29
360,Dryden,CA,2021-11-06 03:28:43,49.7833,-92.7503,44.89,81,40,6.91
361,Callaway,US,2021-11-06 03:29:43,30.153,-85.5699,51.85,69,75,7.0
362,Road Town,VG,2021-11-06 03:24:50,18.4167,-64.6167,80.69,75,16,19.6
363,Piacabucu,BR,2021-11-06 03:29:44,-10.4056,-36.4344,77.45,85,92,8.28
364,Siocon,PH,2021-11-06 03:29:45,7.7061,122.1353,86.18,71,80,4.14
365,Olavarria,AR,2021-11-06 03:29:45,-36.8927,-60.3225,50.02,69,100,7.63
366,Fortuna Foothills,US,2021-11-06 03:29:46,32.6578,-114.4119,77.09,30,1,1.01
367,Khandyga,RU,2021-11-06 03:29:47,62.6667,135.6,7.41,88,100,6.04
368,Corinto,GR,2021-11-06 03:29:47,37.9407,22.9573,66.45,66,100,0.83
369,Izhma,RU,2021-11-06 03:29:48,65.0083,53.9113,35.96,98,100,12.26
370,Kachiry,KZ,2021-11-06 03:29:48,53.0675,76.1036,26.22,70,100,13.8
371,Port Macquarie,AU,2021-11-06 03:29:49,-31.4333,152.9167,76.96,63,42,16.08
372,Abashiri,JP,2021-11-06 03:29:49,44.0213,144.2697,52.95,71,75,3.44
373,Northam,GB,2021-11-06 03:29:50,51.0333,-4.2167,52.61,83,98,12.17
374,Wladyslawowo,PL,2021-11-06 03:29:50,54.7909,18.4009,47.93,82,95,23.22
375,Prado,BR,2021-11-06 03:29:51,-17.3411,-39.2208,74.48,87,99,7.05
376,Sechura,PE,2021-11-06 03:29:51,-5.5569,-80.8222,65.79,79,22,15.55
377,Murgab,TM,2021-11-06 03:29:52,37.4966,61.9714,29.75,28,4,2.73
378,Dhankuta,NP,2021-11-06 03:29:53,26.9833,87.3333,60.64,75,29,1.63
379,Araouane,ML,2021-11-06 03:29:53,18.9048,-3.5265,78.55,20,32,9.24
380,Taltal,CL,2021-11-06 03:29:54,-25.4,-70.4833,61.18,76,0,2.24
381,Sorong,ID,2021-11-06 03:29:54,-0.8833,131.25,83.64,74,52,1.63
382,Morant Bay,JM,2021-11-06 03:29:56,17.8815,-76.4093,82.02,85,52,6.53
383,Diamantino,BR,2021-11-06 03:29:56,-14.4086,-56.4461,72.05,97,100,2.73
384,Ponta Do Sol,PT,2021-11-06 03:29:57,32.6667,-17.1,67.71,65,8,8.01
385,Whitehorse,CA,2021-11-06 03:25:25,60.7161,-135.0538,32.77,93,75,11.01
386,Marsaxlokk,MT,2021-11-06 03:29:58,35.8419,14.5431,72.09,94,0,6.91
387,Batticaloa,LK,2021-11-06 03:29:58,7.7102,81.6924,80.96,76,60,3.31
388,Inverness,GB,2021-11-06 03:29:59,57.4791,-4.224,49.21,95,40,1.14
389,Panorama,GR,2021-11-06 03:29:59,40.5878,23.0315,56.53,89,57,1.01
390,Pangai,TO,2021-11-06 03:26:18,-19.8,-174.35,82.51,65,40,5.75
391,Hirara,JP,2021-11-06 03:30:01,24.8,125.2833,84.47,74,75,16.11
392,Aloleng,PH,2021-11-06 03:30:02,16.1307,119.7824,86.7,67,13,5.37
393,Verkhnevilyuysk,RU,2021-11-06 03:30:02,63.4453,120.3167,16.2,87,100,10.6
394,Kurkino,RU,2021-11-06 03:30:04,53.4257,38.6582,53.11,94,100,14.54
395,Qurayyat,SA,2021-11-06 03:30:05,31.3318,37.3428,53.78,62,0,6.91
396,Svetlaya,RU,2021-11-06 03:30:06,46.5389,138.3297,51.96,53,74,12.35
397,Smithers,CA,2021-11-06 03:27:10,54.7804,-127.1743,32.32,100,40,6.91
398,Hervey Bay,AU,2021-11-06 03:30:07,-25.2986,152.8535,78.91,66,23,9.26
399,Ulladulla,AU,2021-11-06 03:25:59,-35.35,150.4667,76.87,74,39,13.56
400,Ilhabela,BR,2021-11-06 03:30:08,-23.7781,-45.3581,67.26,88,28,4.07
401,Sampit,ID,2021-11-06 03:30:09,-2.5333,112.95,87.67,69,98,1.79
402,Alta Floresta,BR,2021-11-06 03:30:10,-9.8756,-56.0861,71.4,99,100,3.13
403,Teknaf,BD,2021-11-06 03:30:11,20.8624,92.3058,80.91,57,32,8.66
404,Margate,GB,2021-11-06 03:30:12,51.3813,1.3862,49.71,80,100,1.99
405,Totolapan,MX,2021-11-06 03:31:12,18.5167,-96.1833,75.92,93,96,5.93
406,Kununurra,AU,2021-11-06 03:31:15,-15.7667,128.7333,96.78,41,86,5.75
407,Ajdabiya,LY,2021-11-06 03:31:18,30.7554,20.2263,71.87,31,16,8.84
408,Erdenet,MN,2021-11-06 03:31:18,49.0333,104.0833,14.76,23,0,5.73
409,Angoram,PG,2021-11-06 03:31:21,-4.0625,144.0661,83.8,72,70,2.33
410,Bereda,ES,2021-11-06 03:31:22,43.2686,-7.5406,44.35,98,47,3.09
411,Flinders,AU,2021-11-06 03:31:25,-34.5833,150.8552,82.8,76,46,14.79
412,Yaan,NG,2021-11-06 03:31:27,7.3833,8.5667,74.34,92,99,4.63
413,Truth Or Consequences,US,2021-11-06 03:31:00,33.1284,-107.2528,62.15,28,1,5.75
414,San Ramon De La Nueva Oran,AR,2021-11-06 03:31:27,-23.1322,-64.326,58.37,89,100,2.28
415,Ubinskoye,RU,2021-11-06 03:31:28,55.3068,79.6802,27.63,95,100,13.8
416,Chicama,PE,2021-11-06 03:31:29,-7.8447,-79.1469,65.03,84,84,6.24
417,Kopervik,NO,2021-11-06 03:31:29,59.2835,5.3067,49.98,87,75,13.8
418,Lochmaben,GB,2021-11-06 03:31:30,55.1301,-3.4429,51.24,92,100,10.87
419,Hay River,CA,2021-11-06 03:31:31,60.8156,-115.7999,33.78,80,75,3.44
420,Bima,ID,2021-11-06 03:31:31,-8.4667,118.7167,93.96,50,99,0.36
421,Mayya,RU,2021-11-06 03:31:32,61.7333,130.2811,4.32,84,100,7.74
422,Twentynine Palms,US,2021-11-06 03:31:32,34.1356,-116.0542,75.34,25,14,1.99
423,Buraydah,SA,2021-11-06 03:31:33,26.326,43.975,59.45,37,0,4.85
424,Gunnedah,AU,2021-11-06 03:31:34,-30.9833,150.25,82.02,58,65,4.0
425,Omboue,GA,2021-11-06 03:31:34,-1.5746,9.2618,75.9,89,100,6.91
426,Shenjiamen,CN,2021-11-06 03:31:35,29.9576,122.298,67.66,88,67,23.89
427,Patos De Minas,BR,2021-11-06 03:31:35,-18.5789,-46.5181,72.28,61,64,3.04
428,Tambopata,PE,2021-11-06 03:31:36,-12.7333,-69.1833,73.83,82,89,3.42
429,Srednekolymsk,RU,2021-11-06 03:31:36,67.45,153.6833,6.22,86,100,4.41
430,Benguela,AO,2021-11-06 03:31:37,-12.5763,13.4055,74.35,86,100,2.62
431,Los Llanos De Aridane,ES,2021-11-06 03:31:38,28.6585,-17.9182,65.95,71,90,7.0
432,Manzhouli,CN,2021-11-06 03:31:39,49.6,117.4333,18.03,41,0,14.94
433,Ternate,ID,2021-11-06 03:31:40,0.8,127.4,85.6,68,98,4.99
434,Polunochnoye,RU,2021-11-06 03:31:41,60.8697,60.4153,35.53,90,100,10.87
435,Darhan,MN,2021-11-06 03:31:41,49.4867,105.9228,19.69,30,0,13.18
436,Santa Maria Del Oro,MX,2021-11-06 03:31:42,25.9333,-105.3667,57.22,64,3,1.74
437,Codrington,AU,2021-11-06 03:31:42,-38.2667,141.9667,65.84,85,98,16.31
438,Mizdah,LY,2021-11-06 03:31:43,31.4451,12.9801,69.6,24,74,3.11
439,Port-Gentil,GA,2021-11-06 03:31:43,-0.7193,8.7815,78.37,85,100,15.23
440,Boyolangu,ID,2021-11-06 03:31:44,-8.1181,111.8935,87.4,64,64,2.71
441,Kamienna Gora,PL,2021-11-06 03:31:45,50.7831,16.0304,43.23,90,42,5.26
442,Pochutla,MX,2021-11-06 03:31:45,15.7432,-96.4661,78.62,88,79,4.12
443,Linguere,SN,2021-11-06 03:31:46,15.3953,-15.1193,77.22,69,0,4.61
444,Waddan,LY,2021-11-06 03:31:46,29.1614,16.139,70.63,31,11,9.64
445,Kanniyakumari,IN,2021-11-06 03:31:47,8.0833,77.5667,82.71,75,92,12.8
446,Bathsheba,BB,2021-11-06 03:31:47,13.2167,-59.5167,79.41,89,75,12.66
447,Sihora,IN,2021-11-06 03:31:48,23.4833,80.1167,69.13,40,39,1.72
448,Ostrovnoy,RU,2021-11-06 03:31:48,68.0531,39.5131,35.06,98,100,2.75
449,Rundu,NA,2021-11-06 03:31:49,-17.9333,19.7667,70.47,64,83,3.89
450,Zhezkazgan,KZ,2021-11-06 03:32:50,47.8043,67.7144,25.61,22,8,4.83
451,Kruisfontein,ZA,2021-11-06 03:32:50,-34.0033,24.7314,57.18,82,100,3.83
452,Zamora,EC,2021-11-06 03:32:51,-4.0692,-78.9567,68.56,99,100,0.29
453,Coruripe,BR,2021-11-06 03:32:51,-10.1256,-36.1756,76.86,88,93,10.78
454,Promyshlennaya,RU,2021-11-06 03:32:52,54.9159,85.6385,23.95,90,100,15.5
455,Antigonish,CA,2021-11-06 03:32:53,45.6169,-61.9986,42.62,78,81,1.01
456,Port Hardy,CA,2021-11-06 03:32:53,50.6996,-127.4199,42.8,93,90,3.44
457,Raga,SS,2021-11-06 03:30:18,8.4596,25.678,73.8,76,94,1.68
458,Stara Vyzhivka,UA,2021-11-06 03:32:54,51.4376,24.44,43.03,79,70,12.12
459,Ossora,RU,2021-11-06 03:32:55,59.2353,163.0719,25.72,88,95,3.83
460,Yaring,TH,2021-11-06 03:32:55,6.8662,101.3689,84.24,70,90,3.56
461,Raudeberg,NO,2021-11-06 03:32:56,61.9875,5.1352,43.47,80,79,1.99
462,Darab,IR,2021-11-06 03:32:56,28.7519,54.5444,62.87,48,6,3.36
463,Ahuimanu,US,2021-11-06 03:32:57,21.4447,-157.8378,82.11,66,40,13.8
464,Broken Hill,AU,2021-11-06 03:32:15,-31.95,141.4333,89.31,18,40,14.97
465,Korla,CN,2021-11-06 03:32:57,41.7597,86.1469,25.7,40,0,7.47
466,Amudat,UG,2021-11-06 03:32:58,1.95,34.95,70.52,61,55,2.15
467,Guerrero Negro,MX,2021-11-06 03:32:58,27.9769,-114.0611,66.52,87,42,8.55
468,Blagoyevo,RU,2021-11-06 03:32:59,63.3667,47.9167,44.29,91,100,12.73
469,Sinnamary,GF,2021-11-06 03:32:59,5.3833,-52.95,77.79,90,93,7.9
470,Nanakuli,US,2021-11-06 03:33:00,21.3906,-158.1547,82.35,65,20,10.36
471,Gao,ML,2021-11-06 03:33:00,16.6362,1.637,80.29,17,0,6.87
472,Necochea,AR,2021-11-06 03:33:01,-38.5473,-58.7368,47.03,67,100,3.83
473,Foam Lake,CA,2021-11-06 03:33:02,51.65,-103.5343,41.02,80,1,11.5
474,Tukrah,LY,2021-11-06 03:33:03,32.5341,20.5791,73.83,39,32,5.32
475,Yumen,CN,2021-11-06 03:33:03,40.2833,97.2,17.13,39,26,30.89
476,Den Helder,NL,2021-11-06 03:33:04,52.9599,4.7593,54.99,83,90,14.0
477,Mount Hagen,PG,2021-11-06 03:33:04,-5.8581,144.2274,74.16,60,40,6.91
478,Labuan,MY,2021-11-06 03:33:05,5.2767,115.2417,86.16,70,47,5.01
479,Plyussa,RU,2021-11-06 03:33:05,58.4308,29.3654,41.95,87,100,11.56
480,Abreus,CU,2021-11-06 03:33:06,22.2775,-80.5675,77.31,91,68,4.03
481,Staryy Nadym,RU,2021-11-06 03:33:06,65.6118,72.6842,28.8,95,100,13.67
482,Lorengau,PG,2021-11-06 03:33:07,-2.0226,147.2712,85.95,66,85,8.12
483,Boma,GH,2021-11-06 03:33:07,7.0805,-2.1697,70.77,98,100,1.61
484,San Quintin,MX,2021-11-06 03:33:08,30.4833,-115.95,63.7,89,2,4.52
485,Honjo,JP,2021-11-06 03:33:08,36.2333,139.1833,70.05,40,4,4.25
486,Vila,PT,2021-11-06 03:33:09,42.0304,-8.1588,41.94,90,23,4.07
487,Dali,CN,2021-11-06 03:33:09,25.7,100.1833,63.18,36,96,4.79
488,Tilichiki,RU,2021-11-06 03:33:10,60.4667,166.1,11.35,94,94,0.89
489,Majene,ID,2021-11-06 03:33:10,-3.5403,118.9707,85.96,66,66,5.5
490,Tezu,IN,2021-11-06 03:33:11,27.9167,96.1667,77.47,29,39,3.13
491,Aberdeen,GB,2021-11-06 03:33:11,57.1437,-2.0981,49.5,96,100,4.61
492,Rio Grande,BR,2021-11-06 03:33:12,-32.035,-52.0986,63.95,92,100,19.93
493,Hella,NO,2021-11-06 03:33:12,67.2,14.4333,41.14,84,40,9.22
494,Lloydminster,CA,2021-11-06 03:32:50,53.2835,-110.0016,32.22,93,20,0.0
495,Nabire,ID,2021-11-06 03:33:13,-3.3667,135.4833,85.86,70,97,4.52
496,Pitimbu,BR,2021-11-06 03:34:14,-7.4706,-34.8086,79.39,83,41,8.7
497,Ola,RU,2021-11-06 03:34:14,59.5833,151.2833,30.07,96,100,2.19
498,Kropotkin,RU,2021-11-06 03:34:15,45.4375,40.5756,47.19,92,65,8.05
499,Shipunovo,RU,2021-11-06 03:34:15,52.1582,82.2173,21.42,66,100,21.45
500,Mosquera,CO,2021-11-06 03:34:16,4.7059,-74.2302,53.69,100,40,2.3
501,Kaeo,NZ,2021-11-06 03:34:17,-35.1,173.7833,62.91,90,65,1.16
502,Helena,US,2021-11-06 03:30:10,46.5927,-112.0361,47.32,38,1,0.0
503,Uige,AO,2021-11-06 03:34:17,-7.6087,15.0613,67.21,99,99,1.3
504,Mambajao,PH,2021-11-06 03:34:18,9.2504,124.7156,84.76,73,64,6.24
505,Mecca,SA,2021-11-06 03:34:19,21.4267,39.8261,77.27,54,3,1.72
506,Cuicatlan,MX,2021-11-06 03:34:19,17.8,-96.9667,66.87,93,92,2.77
507,Nemuro,JP,2021-11-06 03:34:20,43.3236,145.575,48.63,59,75,2.75
508,Warmbad,NA,2021-11-06 03:34:20,-28.45,18.7333,57.54,52,92,4.88
509,Marsh Harbour,BS,2021-11-06 03:34:21,26.5412,-77.0636,78.84,79,100,13.8
510,Biak,ID,2021-11-06 03:34:22,-0.9131,122.8766,82.72,72,84,0.51
511,Vostok,RU,2021-11-06 03:34:22,46.4856,135.8833,49.05,63,47,8.72
512,Thrissur,IN,2021-11-06 03:34:23,10.5167,76.2167,78.78,73,95,2.68
513,Banda Aceh,ID,2021-11-06 03:34:23,5.5577,95.3222,81.82,78,100,7.47
514,Hofn,IS,2021-11-06 03:34:24,64.2539,-15.2082,38.93,77,100,15.5
515,Tura,IN,2021-11-06 03:34:24,25.5198,90.2201,75.22,62,7,1.92
516,Beloha,MG,2021-11-06 03:34:26,-25.1667,45.05,70.47,58,25,12.95
517,Morondava,MG,2021-11-06 03:34:26,-20.2833,44.2833,76.48,62,0,6.55
518,Siderno,IT,2021-11-06 03:34:27,38.2779,16.302,69.84,91,100,6.2
519,Garachine,PA,2021-11-06 03:34:27,8.0647,-78.3628,77.99,86,76,4.29
520,Abu Samrah,SY,2021-11-06 03:34:28,35.3029,37.1841,61.47,42,3,3.69
521,Puerto Del Rosario,ES,2021-11-06 03:34:28,28.5004,-13.8627,67.75,60,54,19.57
522,Kendari,ID,2021-11-06 03:34:29,-3.945,122.4989,79.74,84,100,2.28
523,Shache,CN,2021-11-06 03:34:29,38.4167,77.2406,36.23,35,98,7.38
524,Saint-Louis,SN,2021-11-06 03:34:30,16.3333,-15.0,80.24,19,76,9.35
525,Pangnirtung,CA,2021-11-06 03:34:31,66.1451,-65.7125,16.74,65,97,8.1
526,Karasuk,RU,2021-11-06 03:34:31,53.7377,78.0403,27.05,75,100,12.75
527,Serebryansk,KZ,2021-11-06 03:34:32,49.6925,83.2892,18.95,75,50,6.2
528,Manacapuru,BR,2021-11-06 03:34:33,-3.2997,-60.6206,79.38,75,41,1.99
529,Borovskoy,KZ,2021-11-06 03:34:33,53.8,64.15,29.01,58,100,11.61
530,Vila Franca Do Campo,PT,2021-11-06 03:29:42,37.7167,-25.4333,70.2,82,100,17.76
531,Mayor Pablo Lagerenza,PY,2021-11-06 03:34:34,-19.9309,-60.7718,58.28,79,100,12.73
532,Klaksvik,FO,2021-11-06 03:34:34,62.2266,-6.589,41.92,80,100,16.58
533,Phonhong,LA,2021-11-06 03:34:35,18.5007,102.4166,87.62,59,80,0.31
534,Kasempa,ZM,2021-11-06 03:34:35,-13.4584,25.8338,65.25,67,29,4.38
535,Katete,UG,2021-11-06 03:34:36,-0.7818,29.7544,58.46,96,86,3.53
536,Borogontsy,RU,2021-11-06 03:34:37,62.6683,131.1683,7.5,86,100,7.11
537,Nakhon Phanom,TH,2021-11-06 03:34:37,17.3333,104.4167,85.8,54,45,2.82
538,Antofagasta,CL,2021-11-06 03:31:38,-23.65,-70.4,61.88,82,50,6.22
539,Upata,VE,2021-11-06 03:34:38,8.0086,-62.3989,71.82,87,100,6.04
540,Mabaruma,GY,2021-11-06 03:35:38,8.2,-59.7833,73.26,98,97,2.15
541,Craig,US,2021-11-06 03:35:39,40.5153,-107.5464,45.54,75,1,5.75
542,Rio Branco,BR,2021-11-06 03:35:39,-9.9747,-67.81,74.01,100,0,3.44
543,Vicuna,CL,2021-11-06 03:35:40,-30.0319,-70.7081,61.84,56,0,0.65
544,Abnub,EG,2021-11-06 03:35:41,27.2696,31.1511,66.45,74,0,6.8
545,Nortelandia,BR,2021-11-06 03:35:41,-14.4547,-56.8028,71.76,97,100,3.27
546,Yining,CN,2021-11-06 03:35:42,29.0361,114.5636,73.08,78,97,2.98
547,Tibacuy,CO,2021-11-06 03:35:42,4.3511,-72.4564,75.16,82,78,4.29
548,Dese,ET,2021-11-06 03:35:43,11.1333,39.6333,50.77,54,10,2.68
549,Daud Khel,PK,2021-11-06 03:35:43,32.875,71.5701,72.36,36,7,4.79
550,Coihueco,CL,2021-11-06 03:35:44,-36.6167,-71.8333,52.54,82,0,2.3
551,Khani,GE,2021-11-06 03:35:44,41.9563,42.9566,51.37,67,72,5.66
552,Bagotville,AU,2021-11-06 03:35:45,-28.9833,153.4167,75.22,69,35,10.94
553,Homer,US,2021-11-06 03:35:14,59.6425,-151.5483,33.04,87,1,3.44
554,Tumarbong,PH,2021-11-06 03:35:46,10.3766,119.4579,85.08,71,95,5.99
